Size,with_BLAS,without_BLAS
100,0.01,0.01
400,0.400000006,0.439999998
500,1.03999996,1.14999998
800,6.38999987,6.71000004
1000,12.6300001,12.9500008
1300,34.1199989,35.0500031
1500,53.2200012,55.0600014
1800,86.6200027,89.090004
2000,119.389999,123.450005
2200,161.029999,164.62001
2500,260.209991,268.170013
2800,355.300018,394.569977
3000,4.07E+02,4.27E+02
3500,7.47E+02,7.60E+02