"age","distance"
80,278.83752193648
83,289.173120437042
80,283.70627864258
83,276.20216457555
74,290.494680054977
68,324.168998395206
71,298.136424787568
75,291.684224100574
80,291.207126516696
85,267.987236992673
65,332.796219245553
68,330.557850824769
80,273.556715707687
65,309.468625947703
73,285.022904833037
74,316.050975188108
73,296.183526363054
73,307.203798012984
68,322.121234926508
84,266.376890230819
