"age","distance"
80,278.83752193648
83,289.173120437042
80,283.70627864258
83,276.20216457555
74,290.494680054977
68,324.168998395206
71,NA
75,NA
80,291.207126516696
85,267.987236992673
65,332.796219245553
68,NA
80,273.556715707687
65,NA
73,285.022904833037
74,316.050975188108
73,NA
73,307.203798012984
68,322.121234926508
84,266.376890230819
